{"cameraMode":{"drawMode":0,"name":"Shaded","section":"Shading Mode"},"sceneLighting":false,"audioPlay":false,"sceneViewState":{"m_AlwaysRefresh":false,"showFog":true,"showSkybox":true,"showFlares":true,"showImageEffects":true,"showParticleSystems":true,"showVisualEffectGraphs":true,"m_FxEnabled":true},"in2DMode":false,"pivot":{"x":5.038547992706299,"y":-0.022006511688232423,"z":3.9914774894714357},"rotation":{"x":0.2525356411933899,"y":-0.00871242769062519,"z":0.002274649916216731,"w":0.9675503373146057},"size":4.892837047576904,"orthographic":false}