{"cameraMode":{"drawMode":0,"name":"Shaded","section":"Shading Mode"},"sceneLighting":false,"audioPlay":false,"sceneViewState":{"m_AlwaysRefresh":false,"showFog":true,"showSkybox":false,"showFlares":true,"showImageEffects":true,"showParticleSystems":true,"showVisualEffectGraphs":true,"m_FxEnabled":true},"in2DMode":false,"pivot":{"x":0.00550609827041626,"y":0.8896401524543762,"z":-0.04377453029155731},"rotation":{"x":0.2525356411933899,"y":-0.00871242769062519,"z":0.002274649916216731,"w":0.9675503373146057},"size":1.4235202074050904,"orthographic":false}